total_images,num_classes,fst_model_source,first_model,second_model_source,second_model,first_model_accuracy,second_model_accuracy,spearman,pearson,dataset
2000,100,huggingface,facebook/dinov3-convnext-tiny-pretrain-lvd1689m,timm,efficientnet_b0.ra_in1k,0.6655,0.936,0.1670650291005303,0.18978474,timm/mini-imagenet(0)
2000,100,huggingface,facebook/dinov3-convnext-tiny-pretrain-lvd1689m,timm,efficientnet_b0.ra_in1k,0.6535,0.928,0.15672646759932193,0.17836155,timm/mini-imagenet(1)
2000,100,huggingface,facebook/dinov3-convnext-tiny-pretrain-lvd1689m,timm,efficientnet_b0.ra_in1k,0.6465,0.928,0.1582974636711614,0.18063152,timm/mini-imagenet(2)
2000,100,huggingface,facebook/dinov3-convnext-tiny-pretrain-lvd1689m,timm,efficientnet_b0.ra_in1k,0.649,0.938,0.17332407173645858,0.1939201,timm/mini-imagenet(3)
2000,100,huggingface,facebook/dinov3-convnext-tiny-pretrain-lvd1689m,timm,efficientnet_b0.ra_in1k,0.653,0.936,0.14432536523969838,0.16877457,timm/mini-imagenet(4)
2000,100,huggingface,facebook/dinov3-convnext-tiny-pretrain-lvd1689m,timm,resnet50.a1_in1k,0.6585,0.9525,0.055688654543412604,0.09135008,timm/mini-imagenet(0)
2000,100,huggingface,facebook/dinov3-convnext-tiny-pretrain-lvd1689m,timm,resnet50.a1_in1k,0.641,0.953,0.07669934528437938,0.10670661,timm/mini-imagenet(1)
2000,100,huggingface,facebook/dinov3-convnext-tiny-pretrain-lvd1689m,timm,resnet50.a1_in1k,0.65,0.9565,0.07381087280400368,0.10535335,timm/mini-imagenet(2)
2000,100,huggingface,facebook/dinov3-convnext-tiny-pretrain-lvd1689m,timm,resnet50.a1_in1k,0.654,0.953,0.04947896631681417,0.08654107,timm/mini-imagenet(3)
2000,100,huggingface,facebook/dinov3-convnext-tiny-pretrain-lvd1689m,timm,resnet50.a1_in1k,0.6565,0.9565,0.08028328562452203,0.11070664,timm/mini-imagenet(4)
2000,100,timm,resnet50.a1_in1k,timm,efficientnet_b0.ra_in1k,0.9545,0.9325,0.1016725324619598,0.349639,timm/mini-imagenet(0)
2000,100,timm,resnet50.a1_in1k,timm,efficientnet_b0.ra_in1k,0.953,0.93,0.1016725324619598,0.349639,timm/mini-imagenet(0)
2000,100,timm,resnet50.a1_in1k,timm,efficientnet_b0.ra_in1k,0.9515,0.935,0.1016725324619598,0.349639,timm/mini-imagenet(0)
2000,100,timm,resnet50.a1_in1k,timm,efficientnet_b0.ra_in1k,0.952,0.934,0.1016725324619598,0.349639,timm/mini-imagenet(0)
2000,100,timm,resnet50.a1_in1k,timm,efficientnet_b0.ra_in1k,0.954,0.9425,0.1016725324619598,0.349639,timm/mini-imagenet(0)
2000,100,timm,resnet50.a1_in1k,timm,efficientnet_b0.ra_in1k,0.954,0.9285,0.11122318617643936,0.3532042,timm/mini-imagenet(1)
2000,100,timm,resnet50.a1_in1k,timm,efficientnet_b0.ra_in1k,0.95,0.931,0.11122318617643936,0.3532042,timm/mini-imagenet(1)
2000,100,open_clip,ViT-B-32,timm,efficientnet_b0.ra_in1k,0.8875,0.933,0.07350656053031505,0.21451457,timm/mini-imagenet(0)
2000,100,open_clip,ViT-B-32,timm,efficientnet_b0.ra_in1k,0.8825,0.9295,0.07238956471783681,0.21045849,timm/mini-imagenet(1)
2000,100,open_clip,ViT-B-32,timm,efficientnet_b0.ra_in1k,0.884,0.9295,0.0830780858459602,0.22014436,timm/mini-imagenet(2)
2000,100,open_clip,ViT-B-32,timm,efficientnet_b0.ra_in1k,0.8895,0.9315,0.06562559812919859,0.20499142,timm/mini-imagenet(3)
2000,100,open_clip,ViT-B-32,timm,efficientnet_b0.ra_in1k,0.885,0.9325,0.08162769118466023,0.21458237,timm/mini-imagenet(4)
2000,100,timm,resnet50.a1_in1k,open_clip,ViT-B-32,0.951,0.8905,0.23048828735596924,0.3442464,timm/mini-imagenet(0)
2000,100,timm,resnet50.a1_in1k,open_clip,ViT-B-32,0.9555,0.8825,0.23897677667192108,0.35013396,timm/mini-imagenet(1)
2000,100,timm,resnet50.a1_in1k,open_clip,ViT-B-32,0.9545,0.883,0.2220552136652199,0.33476505,timm/mini-imagenet(2)
2000,100,timm,resnet50.a1_in1k,open_clip,ViT-B-32,0.951,0.8885,0.2380479543134047,0.34964883,timm/mini-imagenet(3)
2000,100,timm,resnet50.a1_in1k,open_clip,ViT-B-32,0.9555,0.885,0.22824976091287755,0.3379578,timm/mini-imagenet(4)
2000,100,clip,ViT-B/32,timm,efficientnet_b0.ra_in1k,0.869,0.9365,0.049293211482011434,0.16661371,timm/mini-imagenet(0)
2000,100,clip,ViT-B/32,timm,efficientnet_b0.ra_in1k,0.8605,0.9295,0.037866035275232635,0.15532589,timm/mini-imagenet(1)
2000,100,clip,ViT-B/32,timm,efficientnet_b0.ra_in1k,0.8625,0.9305,0.05498288073574978,0.17094898,timm/mini-imagenet(2)
2000,100,clip,ViT-B/32,timm,efficientnet_b0.ra_in1k,0.8715,0.9355,0.04395402877275077,0.16449267,timm/mini-imagenet(3)
2000,100,clip,ViT-B/32,timm,efficientnet_b0.ra_in1k,0.8765,0.9355,0.03139554306826286,0.1502185,timm/mini-imagenet(4)

2000,100,torchvision,resnet18,IMAGENET1K_V1,torchvision,resnet50,IMAGENET1K_V1,0.76,0.86,0.848878592348392,0.86435795,timm/mini-imagenet(0)
2000,100,torchvision,resnet18,IMAGENET1K_V1,torchvision,resnet152,IMAGENET1K_V1,0.792,0.891,0.8199417138092849,0.83899254,timm/mini-imagenet(0)
2000,100,torchvision,resnet18,IMAGENET1K_V1,torchvision,convnext_tiny,IMAGENET1K_V1,0.7875,0.949,0.25153032030359646,0.37070537,timm/mini-imagenet(0)
2000,100,torchvision,resnet18,IMAGENET1K_V1,torchvision,convnext_base,IMAGENET1K_V1,0.7375,0.9825,0.1463355276564968,0.30893195,timm/mini-imagenet(0)
2000,100,torchvision,resnet18,IMAGENET1K_V1,torchvision,regnet_y_16gf,IMAGENET1K_V1,0.7715,0.9135,0.7782934963654725,0.7980787,timm/mini-imagenet(0)
2000,100,torchvision,resnet18,IMAGENET1K_V1,torchvision,regnet_y_16gf,IMAGENET1K_V2,0.7695,0.9795,0.7782934963654725,0.7980787,timm/mini-imagenet(0)
2000,100,torchvision,resnet18,IMAGENET1K_V1,torchvision,regnet_y_16gf,IMAGENET1K_SWAG_E2E_V1,0.7715,0.9325,0.7782934963654725,0.7980787,timm/mini-imagenet(0)
2000,100,torchvision,resnet18,IMAGENET1K_V1,torchvision,regnet_y_32gf,IMAGENET1K_V2,0.778,0.97,0.2958340002394824,0.4119101,timm/mini-imagenet(0)
2000,100,torchvision,resnet18,IMAGENET1K_V1,torchvision,vit_b_16,IMAGENET1K_V1,0.782,0.9605,0.022595895992420283,0.21885253,timm/mini-imagenet(0)
2000,100,torchvision,resnet18,IMAGENET1K_V1,torchvision,vit_b_16,IMAGENET1K_SWAG_E2E_V1,0.776,0.9485,0.022595895992420283,0.21885253,timm/mini-imagenet(0)
2000,100,torchvision,resnet18,IMAGENET1K_V1,torchvision,vit_l_16,IMAGENET1K_V1,0.78,0.9895,0.015206996688050868,0.24728748,timm/mini-imagenet(0)
2000,100,torchvision,resnet18,IMAGENET1K_V1,torchvision,vit_h_14,IMAGENET1K_SWAG_E2E_V1,0.785,0.9635,0.3122870809656246,0.40300515,timm/mini-imagenet(0)
2000,100,torchvision,resnet18,IMAGENET1K_V1,torchvision,swin_t,IMAGENET1K_V1,0.774,0.94,0.0743427687518788,0.25993657,timm/mini-imagenet(0)
2000,100,torchvision,resnet18,IMAGENET1K_V1,torchvision,swin_v2_t,IMAGENET1K_V1,0.773,0.9545,0.19386907773991,0.35422954,timm/mini-imagenet(0)
2000,100,torchvision,resnet18,IMAGENET1K_V1,torchvision,maxvit_t,IMAGENET1K_V1,0.754,0.9795,0.10641585588811929,0.10691993,timm/mini-imagenet(0)
2000,100,torchvision,resnet18,IMAGENET1K_V1,torchvision,efficientnet_b0,IMAGENET1K_V1,0.764,0.8995,0.1698726308675066,0.33253208,timm/mini-imagenet(0)
2000,100,torchvision,resnet18,IMAGENET1K_V1,torchvision,efficientnet_b4,IMAGENET1K_V1,0.779,0.938,0.08408708684420829,0.17572328,timm/mini-imagenet(0)
2000,100,torchvision,resnet18,IMAGENET1K_V1,torchvision,efficientnet_b7,IMAGENET1K_V1,0.7955,0.928,0.11613828210029242,0.25478438,timm/mini-imagenet(0)
2000,100,torchvision,resnet50,IMAGENET1K_V1,torchvision,resnet152,IMAGENET1K_V1,0.86,0.8965,0.8716095926816396,0.8906046,timm/mini-imagenet(0)
2000,100,torchvision,resnet50,IMAGENET1K_V1,torchvision,convnext_tiny,IMAGENET1K_V1,0.86,0.9605,0.2755980122998851,0.41476247,timm/mini-imagenet(0)
2000,100,torchvision,resnet50,IMAGENET1K_V1,torchvision,convnext_base,IMAGENET1K_V1,0.8515,0.9805,0.17246374140746665,0.36068714,timm/mini-imagenet(0)
2000,100,torchvision,resnet50,IMAGENET1K_V1,torchvision,regnet_y_16gf,IMAGENET1K_V1,0.8715,0.9245,0.8252557507254457,0.84774995,timm/mini-imagenet(0)
2000,100,torchvision,resnet50,IMAGENET1K_V1,torchvision,regnet_y_16gf,IMAGENET1K_V2,0.8385,0.979,0.8252557507254457,0.84774995,timm/mini-imagenet(0)
2000,100,torchvision,resnet50,IMAGENET1K_V1,torchvision,regnet_y_16gf,IMAGENET1K_SWAG_E2E_V1,0.8675,0.904,0.8252557507254457,0.84774995,timm/mini-imagenet(0)
2000,100,torchvision,resnet50,IMAGENET1K_V1,torchvision,regnet_y_32gf,IMAGENET1K_V2,0.869,0.972,0.3373306939258149,0.4706372,timm/mini-imagenet(0)
2000,100,torchvision,resnet50,IMAGENET1K_V1,torchvision,vit_b_16,IMAGENET1K_V1,0.861,0.9635,0.02972830557596218,0.25837442,timm/mini-imagenet(0)
2000,100,torchvision,resnet50,IMAGENET1K_V1,torchvision,vit_b_16,IMAGENET1K_SWAG_E2E_V1,0.838,0.9435,0.02972830557596218,0.25837442,timm/mini-imagenet(0)
2000,100,torchvision,resnet50,IMAGENET1K_V1,torchvision,vit_l_16,IMAGENET1K_V1,0.856,0.988,0.01955025643164845,0.28940466,timm/mini-imagenet(0)
2000,100,torchvision,resnet50,IMAGENET1K_V1,torchvision,vit_h_14,IMAGENET1K_SWAG_E2E_V1,0.8475,0.966,0.3333055590972146,0.44136167,timm/mini-imagenet(0)
2000,100,torchvision,resnet50,IMAGENET1K_V1,torchvision,swin_t,IMAGENET1K_V1,0.8545,0.937,0.09167394411683139,0.30572104,timm/mini-imagenet(0)
2000,100,torchvision,resnet50,IMAGENET1K_V1,torchvision,swin_v2_t,IMAGENET1K_V1,0.861,0.957,0.218968478706477,0.40435556,timm/mini-imagenet(0)
2000,100,torchvision,resnet50,IMAGENET1K_V1,torchvision,maxvit_t,IMAGENET1K_V1,0.8715,0.9805,0.11256639566618053,0.12001431,timm/mini-imagenet(0)
2000,100,torchvision,resnet50,IMAGENET1K_V1,torchvision,efficientnet_b0,IMAGENET1K_V1,0.867,0.9035,0.20248707351533057,0.38427898,timm/mini-imagenet(0)
2000,100,torchvision,resnet50,IMAGENET1K_V1,torchvision,efficientnet_b4,IMAGENET1K_V1,0.874,0.971,0.09878109039936064,0.2067401,timm/mini-imagenet(0)
2000,100,torchvision,resnet50,IMAGENET1K_V1,torchvision,efficientnet_b7,IMAGENET1K_V1,0.847,0.986,0.12866123791637643,0.2882507,timm/mini-imagenet(0)
2000,100,torchvision,resnet152,IMAGENET1K_V1,torchvision,convnext_tiny,IMAGENET1K_V1,0.8855,0.9525,0.27401145562931795,0.42787212,timm/mini-imagenet(0)
2000,100,torchvision,resnet152,IMAGENET1K_V1,torchvision,convnext_base,IMAGENET1K_V1,0.897,0.9805,0.1842893050705602,0.38801554,timm/mini-imagenet(0)
2000,100,torchvision,resnet152,IMAGENET1K_V1,torchvision,regnet_y_16gf,IMAGENET1K_V1,0.888,0.922,0.8307532977745525,0.85512084,timm/mini-imagenet(0)
2000,100,torchvision,resnet152,IMAGENET1K_V1,torchvision,regnet_y_16gf,IMAGENET1K_V2,0.8965,0.978,0.8307532977745525,0.85512084,timm/mini-imagenet(0)
2000,100,torchvision,resnet152,IMAGENET1K_V1,torchvision,regnet_y_16gf,IMAGENET1K_SWAG_E2E_V1,0.8955,0.915,0.8307532977745525,0.85512084,timm/mini-imagenet(0)
2000,100,torchvision,resnet152,IMAGENET1K_V1,torchvision,regnet_y_32gf,IMAGENET1K_V2,0.8805,0.968,0.3523325945505456,0.49912098,timm/mini-imagenet(0)
2000,100,torchvision,resnet152,IMAGENET1K_V1,torchvision,vit_b_16,IMAGENET1K_V1,0.882,0.9625,0.0349650481806082,0.2833677,timm/mini-imagenet(0)
2000,100,torchvision,resnet152,IMAGENET1K_V1,torchvision,vit_b_16,IMAGENET1K_SWAG_E2E_V1,0.8905,0.958,0.0349650481806082,0.2833677,timm/mini-imagenet(0)
2000,100,torchvision,resnet152,IMAGENET1K_V1,torchvision,vit_l_16,IMAGENET1K_V1,0.872,0.988,0.026045921129649173,0.3169359,timm/mini-imagenet(0)
2000,100,torchvision,resnet152,IMAGENET1K_V1,torchvision,vit_h_14,IMAGENET1K_SWAG_E2E_V1,0.8775,0.969,0.33760616282960104,0.45675293,timm/mini-imagenet(0)
2000,100,torchvision,resnet152,IMAGENET1K_V1,torchvision,swin_t,IMAGENET1K_V1,0.8835,0.9355,0.10441519467987509,0.333548,timm/mini-imagenet(0)
2000,100,torchvision,resnet152,IMAGENET1K_V1,torchvision,swin_v2_t,IMAGENET1K_V1,0.894,0.9565,0.23128224734737524,0.43143642,timm/mini-imagenet(0)
2000,100,torchvision,resnet152,IMAGENET1K_V1,torchvision,maxvit_t,IMAGENET1K_V1,0.899,0.9805,0.09748030480449041,0.11637644,timm/mini-imagenet(0)
2000,100,torchvision,resnet152,IMAGENET1K_V1,torchvision,efficientnet_b0,IMAGENET1K_V1,0.874,0.893,0.22396416754782386,0.41516066,timm/mini-imagenet(0)
2000,100,torchvision,resnet152,IMAGENET1K_V1,torchvision,efficientnet_b4,IMAGENET1K_V1,0.8765,0.9775,0.09263557550027204,0.21252531,timm/mini-imagenet(0)
2000,100,torchvision,resnet152,IMAGENET1K_V1,torchvision,efficientnet_b7,IMAGENET1K_V1,0.871,0.983,0.13615171127579848,0.30803216,timm/mini-imagenet(0)
2000,100,torchvision,convnext_tiny,IMAGENET1K_V1,torchvision,convnext_base,IMAGENET1K_V1,0.955,0.983,0.4156630921261432,0.6945309,timm/mini-imagenet(0)
2000,100,torchvision,convnext_tiny,IMAGENET1K_V1,torchvision,regnet_y_16gf,IMAGENET1K_V1,0.9545,0.917,0.2973819294624752,0.45046467,timm/mini-imagenet(0)
2000,100,torchvision,convnext_tiny,IMAGENET1K_V1,torchvision,regnet_y_16gf,IMAGENET1K_V2,0.955,0.975,0.2973819294624752,0.45046467,timm/mini-imagenet(0)
2000,100,torchvision,convnext_tiny,IMAGENET1K_V1,torchvision,regnet_y_16gf,IMAGENET1K_SWAG_E2E_V1,0.9515,0.919,0.2973819294624752,0.45046467,timm/mini-imagenet(0)
2000,100,torchvision,convnext_tiny,IMAGENET1K_V1,torchvision,regnet_y_32gf,IMAGENET1K_V2,0.956,0.971,0.3137815798681018,0.6610341,timm/mini-imagenet(0)
2000,100,torchvision,convnext_tiny,IMAGENET1K_V1,torchvision,vit_b_16,IMAGENET1K_V1,0.9505,0.9655,0.1951162526433734,0.57669526,timm/mini-imagenet(0)
2000,100,torchvision,convnext_tiny,IMAGENET1K_V1,torchvision,vit_b_16,IMAGENET1K_SWAG_E2E_V1,0.9535,0.959,0.1951162526433734,0.57669526,timm/mini-imagenet(0)
2000,100,torchvision,convnext_tiny,IMAGENET1K_V1,torchvision,vit_l_16,IMAGENET1K_V1,0.9515,0.989,0.1716720676929292,0.5961305,timm/mini-imagenet(0)
2000,100,torchvision,convnext_tiny,IMAGENET1K_V1,torchvision,vit_h_14,IMAGENET1K_SWAG_E2E_V1,0.949,0.953,0.23557980621048366,0.4549702,timm/mini-imagenet(0)
2000,100,torchvision,convnext_tiny,IMAGENET1K_V1,torchvision,swin_t,IMAGENET1K_V1,0.9525,0.939,0.31905368681359964,0.6287748,timm/mini-imagenet(0)
2000,100,torchvision,convnext_tiny,IMAGENET1K_V1,torchvision,swin_v2_t,IMAGENET1K_V1,0.9505,0.9585,0.3367724419104839,0.6647348,timm/mini-imagenet(0)
2000,100,torchvision,convnext_tiny,IMAGENET1K_V1,torchvision,maxvit_t,IMAGENET1K_V1,0.95,0.98,0.05676093888962148,0.12602642,timm/mini-imagenet(0)
2000,100,torchvision,convnext_tiny,IMAGENET1K_V1,torchvision,efficientnet_b0,IMAGENET1K_V1,0.9505,0.8975,0.2547032631451912,0.54344505,timm/mini-imagenet(0)
2000,100,torchvision,convnext_tiny,IMAGENET1K_V1,torchvision,efficientnet_b4,IMAGENET1K_V1,0.9525,0.978,0.1241098484772047,0.33508146,timm/mini-imagenet(0)
2000,100,torchvision,convnext_tiny,IMAGENET1K_V1,torchvision,efficientnet_b7,IMAGENET1K_V1,0.9575,0.9815,0.1719147256679884,0.45559385,timm/mini-imagenet(0)
2000,100,torchvision,convnext_base,IMAGENET1K_V1,torchvision,regnet_y_16gf,IMAGENET1K_V1,0.9815,0.933,0.21049495544597613,0.41036114,timm/mini-imagenet(0)
2000,100,torchvision,convnext_base,IMAGENET1K_V1,torchvision,regnet_y_16gf,IMAGENET1K_V2,0.98,0.9775,0.21049495544597613,0.41036114,timm/mini-imagenet(0)
2000,100,torchvision,convnext_base,IMAGENET1K_V1,torchvision,regnet_y_16gf,IMAGENET1K_SWAG_E2E_V1,0.9815,0.9135,0.21049495544597613,0.41036114,timm/mini-imagenet(0)
2000,100,torchvision,convnext_base,IMAGENET1K_V1,torchvision,regnet_y_32gf,IMAGENET1K_V2,0.9805,0.9725,0.37067486617225825,0.80494386,timm/mini-imagenet(0)
2000,100,torchvision,convnext_base,IMAGENET1K_V1,torchvision,vit_b_16,IMAGENET1K_V1,0.9805,0.964,0.24997464403787595,0.71871346,timm/mini-imagenet(0)
2000,100,torchvision,convnext_base,IMAGENET1K_V1,torchvision,vit_b_16,IMAGENET1K_SWAG_E2E_V1,0.9835,0.9475,0.24997464403787595,0.71871346,timm/mini-imagenet(0)
2000,100,torchvision,convnext_base,IMAGENET1K_V1,torchvision,vit_l_16,IMAGENET1K_V1,0.9805,0.9885,0.24754743418875305,0.77488863,timm/mini-imagenet(0)
2000,100,torchvision,convnext_base,IMAGENET1K_V1,torchvision,vit_h_14,IMAGENET1K_SWAG_E2E_V1,0.981,0.966,0.21765457249897507,0.49597904,timm/mini-imagenet(0)
2000,100,torchvision,convnext_base,IMAGENET1K_V1,torchvision,swin_t,IMAGENET1K_V1,0.9815,0.9405,0.36246079583880336,0.7290837,timm/mini-imagenet(0)
2000,100,torchvision,convnext_base,IMAGENET1K_V1,torchvision,swin_v2_t,IMAGENET1K_V1,0.98,0.959,0.371433593724296,0.7776032,timm/mini-imagenet(0)
2000,100,torchvision,convnext_base,IMAGENET1K_V1,torchvision,maxvit_t,IMAGENET1K_V1,0.978,0.9805,0.08076603004138154,0.1862408,timm/mini-imagenet(0)
2000,100,torchvision,convnext_base,IMAGENET1K_V1,torchvision,efficientnet_b0,IMAGENET1K_V1,0.9825,0.904,0.28729443961866935,0.6136753,timm/mini-imagenet(0)
2000,100,torchvision,convnext_base,IMAGENET1K_V1,torchvision,efficientnet_b4,IMAGENET1K_V1,0.9805,0.9735,0.17917318916492125,0.4291281,timm/mini-imagenet(0)
2000,100,torchvision,convnext_base,IMAGENET1K_V1,torchvision,efficientnet_b7,IMAGENET1K_V1,0.9815,0.9865,0.22591124201612323,0.5626192,timm/mini-imagenet(0)
2000,100,torchvision,regnet_y_16gf,IMAGENET1K_V1,torchvision,regnet_y_16gf,IMAGENET1K_V2,0.9155,0.976,0.9999999999999998,0.9999978,timm/mini-imagenet(0)
2000,100,torchvision,regnet_y_16gf,IMAGENET1K_V1,torchvision,regnet_y_16gf,IMAGENET1K_SWAG_E2E_V1,0.916,0.914,0.9999999999999998,0.9999978,timm/mini-imagenet(0)
2000,100,torchvision,regnet_y_16gf,IMAGENET1K_V1,torchvision,regnet_y_32gf,IMAGENET1K_V2,0.91,0.9705,0.3528712602821078,0.5059465,timm/mini-imagenet(0)
2000,100,torchvision,regnet_y_16gf,IMAGENET1K_V1,torchvision,vit_b_16,IMAGENET1K_V1,0.9145,0.9625,0.04479524060961619,0.29628262,timm/mini-imagenet(0)
2000,100,torchvision,regnet_y_16gf,IMAGENET1K_V1,torchvision,vit_b_16,IMAGENET1K_SWAG_E2E_V1,0.887,0.9545,0.04479524060961619,0.29628262,timm/mini-imagenet(0)
2000,100,torchvision,regnet_y_16gf,IMAGENET1K_V1,torchvision,vit_l_16,IMAGENET1K_V1,0.922,0.987,0.031223548382142263,0.32923925,timm/mini-imagenet(0)
2000,100,torchvision,regnet_y_16gf,IMAGENET1K_V1,torchvision,vit_h_14,IMAGENET1K_SWAG_E2E_V1,0.908,0.949,0.36843128125315644,0.48400775,timm/mini-imagenet(0)
2000,100,torchvision,regnet_y_16gf,IMAGENET1K_V1,torchvision,swin_t,IMAGENET1K_V1,0.913,0.9335,0.11512043361188119,0.34605566,timm/mini-imagenet(0)
2000,100,torchvision,regnet_y_16gf,IMAGENET1K_V1,torchvision,swin_v2_t,IMAGENET1K_V1,0.9105,0.954,0.24728856363724586,0.44614473,timm/mini-imagenet(0)
2000,100,torchvision,regnet_y_16gf,IMAGENET1K_V1,torchvision,maxvit_t,IMAGENET1K_V1,0.9315,0.9805,0.09342058093361218,0.10974259,timm/mini-imagenet(0)
2000,100,torchvision,regnet_y_16gf,IMAGENET1K_V1,torchvision,efficientnet_b0,IMAGENET1K_V1,0.9075,0.8935,0.21483325028587927,0.40923175,timm/mini-imagenet(0)
2000,100,torchvision,regnet_y_16gf,IMAGENET1K_V1,torchvision,efficientnet_b4,IMAGENET1K_V1,0.9125,0.9775,0.09204174821852759,0.21722947,timm/mini-imagenet(0)
2000,100,torchvision,regnet_y_16gf,IMAGENET1K_V1,torchvision,efficientnet_b7,IMAGENET1K_V1,0.928,0.983,0.14544931382823342,0.318827,timm/mini-imagenet(0)
2000,100,torchvision,regnet_y_16gf,IMAGENET1K_V2,torchvision,regnet_y_16gf,IMAGENET1K_SWAG_E2E_V1,0.9815,0.9315,0.9999999999999998,0.9999978,timm/mini-imagenet(0)
2000,100,torchvision,regnet_y_16gf,IMAGENET1K_V2,torchvision,regnet_y_32gf,IMAGENET1K_V2,0.979,0.97,0.3528712602821078,0.5059465,timm/mini-imagenet(0)
2000,100,torchvision,regnet_y_16gf,IMAGENET1K_V2,torchvision,vit_b_16,IMAGENET1K_V1,0.9785,0.964,0.04479524060961619,0.29628262,timm/mini-imagenet(0)
2000,100,torchvision,regnet_y_16gf,IMAGENET1K_V2,torchvision,vit_b_16,IMAGENET1K_SWAG_E2E_V1,0.9775,0.9515,0.04479524060961619,0.29628262,timm/mini-imagenet(0)
2000,100,torchvision,regnet_y_16gf,IMAGENET1K_V2,torchvision,vit_l_16,IMAGENET1K_V1,0.9785,0.9885,0.031223548382142263,0.32923925,timm/mini-imagenet(0)
2000,100,torchvision,regnet_y_16gf,IMAGENET1K_V2,torchvision,vit_h_14,IMAGENET1K_SWAG_E2E_V1,0.98,0.9695,0.36843128125315644,0.48400775,timm/mini-imagenet(0)
2000,100,torchvision,regnet_y_16gf,IMAGENET1K_V2,torchvision,swin_t,IMAGENET1K_V1,0.979,0.9385,0.11512043361188119,0.34605566,timm/mini-imagenet(0)
2000,100,torchvision,regnet_y_16gf,IMAGENET1K_V2,torchvision,swin_v2_t,IMAGENET1K_V1,0.982,0.954,0.24728856363724586,0.44614473,timm/mini-imagenet(0)
2000,100,torchvision,regnet_y_16gf,IMAGENET1K_V2,torchvision,maxvit_t,IMAGENET1K_V1,0.9795,0.981,0.09342058093361218,0.10974259,timm/mini-imagenet(0)
2000,100,torchvision,regnet_y_16gf,IMAGENET1K_V2,torchvision,efficientnet_b0,IMAGENET1K_V1,0.9765,0.883,0.21483325028587927,0.40923175,timm/mini-imagenet(0)
2000,100,torchvision,regnet_y_16gf,IMAGENET1K_V2,torchvision,efficientnet_b4,IMAGENET1K_V1,0.9785,0.9775,0.09204174821852759,0.21722947,timm/mini-imagenet(0)
2000,100,torchvision,regnet_y_16gf,IMAGENET1K_V2,torchvision,efficientnet_b7,IMAGENET1K_V1,0.979,0.9835,0.14544931382823342,0.318827,timm/mini-imagenet(0)
2000,100,torchvision,regnet_y_16gf,IMAGENET1K_SWAG_E2E_V1,torchvision,regnet_y_32gf,IMAGENET1K_V2,0.924,0.9715,0.3528712602821078,0.5059465,timm/mini-imagenet(0)
2000,100,torchvision,regnet_y_16gf,IMAGENET1K_SWAG_E2E_V1,torchvision,vit_b_16,IMAGENET1K_V1,0.9055,0.96,0.04479524060961619,0.29628262,timm/mini-imagenet(0)
2000,100,torchvision,regnet_y_16gf,IMAGENET1K_SWAG_E2E_V1,torchvision,vit_b_16,IMAGENET1K_SWAG_E2E_V1,0.94,0.946,0.04479524060961619,0.29628262,timm/mini-imagenet(0)
2000,100,torchvision,regnet_y_16gf,IMAGENET1K_SWAG_E2E_V1,torchvision,vit_l_16,IMAGENET1K_V1,0.9405,0.987,0.031223548382142263,0.32923925,timm/mini-imagenet(0)
2000,100,torchvision,regnet_y_16gf,IMAGENET1K_SWAG_E2E_V1,torchvision,vit_h_14,IMAGENET1K_SWAG_E2E_V1,0.929,0.95,0.36843128125315644,0.48400775,timm/mini-imagenet(0)
2000,100,torchvision,regnet_y_16gf,IMAGENET1K_SWAG_E2E_V1,torchvision,swin_t,IMAGENET1K_V1,0.9155,0.943,0.11512043361188119,0.34605566,timm/mini-imagenet(0)
2000,100,torchvision,regnet_y_16gf,IMAGENET1K_SWAG_E2E_V1,torchvision,swin_v2_t,IMAGENET1K_V1,0.9005,0.954,0.24728856363724586,0.44614473,timm/mini-imagenet(0)
2000,100,torchvision,regnet_y_16gf,IMAGENET1K_SWAG_E2E_V1,torchvision,maxvit_t,IMAGENET1K_V1,0.9355,0.982,0.09342058093361218,0.10974259,timm/mini-imagenet(0)
2000,100,torchvision,regnet_y_16gf,IMAGENET1K_SWAG_E2E_V1,torchvision,efficientnet_b0,IMAGENET1K_V1,0.901,0.894,0.21483325028587927,0.40923175,timm/mini-imagenet(0)
2000,100,torchvision,regnet_y_16gf,IMAGENET1K_SWAG_E2E_V1,torchvision,efficientnet_b4,IMAGENET1K_V1,0.932,0.9745,0.09204174821852759,0.21722947,timm/mini-imagenet(0)
2000,100,torchvision,regnet_y_16gf,IMAGENET1K_SWAG_E2E_V1,torchvision,efficientnet_b7,IMAGENET1K_V1,0.9175,0.9865,0.14544931382823342,0.318827,timm/mini-imagenet(0)
2000,100,torchvision,regnet_y_32gf,IMAGENET1K_V2,torchvision,vit_b_16,IMAGENET1K_V1,0.9675,0.9665,0.15728372033972857,0.72252434,timm/mini-imagenet(0)
2000,100,torchvision,regnet_y_32gf,IMAGENET1K_V2,torchvision,vit_b_16,IMAGENET1K_SWAG_E2E_V1,0.9675,0.9505,0.15728372033972857,0.72252434,timm/mini-imagenet(0)
2000,100,torchvision,regnet_y_32gf,IMAGENET1K_V2,torchvision,vit_l_16,IMAGENET1K_V1,0.9675,0.9875,0.1793630562740721,0.80506265,timm/mini-imagenet(0)
2000,100,torchvision,regnet_y_32gf,IMAGENET1K_V2,torchvision,vit_h_14,IMAGENET1K_SWAG_E2E_V1,0.9735,0.949,0.31906055861076354,0.56696075,timm/mini-imagenet(0)
2000,100,torchvision,regnet_y_32gf,IMAGENET1K_V2,torchvision,swin_t,IMAGENET1K_V1,0.97,0.943,0.30447440649994445,0.73730296,timm/mini-imagenet(0)
2000,100,torchvision,regnet_y_32gf,IMAGENET1K_V2,torchvision,swin_v2_t,IMAGENET1K_V1,0.971,0.954,0.3542940238075958,0.81619096,timm/mini-imagenet(0)
2000,100,torchvision,regnet_y_32gf,IMAGENET1K_V2,torchvision,maxvit_t,IMAGENET1K_V1,0.9695,0.9835,0.09636503065796072,0.19572963,timm/mini-imagenet(0)
2000,100,torchvision,regnet_y_32gf,IMAGENET1K_V2,torchvision,efficientnet_b0,IMAGENET1K_V1,0.964,0.898,0.3563187462023675,0.6746086,timm/mini-imagenet(0)
2000,100,torchvision,regnet_y_32gf,IMAGENET1K_V2,torchvision,efficientnet_b4,IMAGENET1K_V1,0.97,0.9765,0.22878255256887448,0.46954322,timm/mini-imagenet(0)
2000,100,torchvision,regnet_y_32gf,IMAGENET1K_V2,torchvision,efficientnet_b7,IMAGENET1K_V1,0.9695,0.985,0.28287136323953743,0.61355436,timm/mini-imagenet(0)
2000,100,torchvision,vit_b_16,IMAGENET1K_V1,torchvision,vit_b_16,IMAGENET1K_SWAG_E2E_V1,0.9625,0.9575,1.0,0.9999958,timm/mini-imagenet(0)
2000,100,torchvision,vit_b_16,IMAGENET1K_V1,torchvision,vit_l_16,IMAGENET1K_V1,0.9625,0.9865,0.272032842557494,0.7784081,timm/mini-imagenet(0)
2000,100,torchvision,vit_b_16,IMAGENET1K_V1,torchvision,vit_h_14,IMAGENET1K_SWAG_E2E_V1,0.967,0.948,0.08466324194247574,0.40711254,timm/mini-imagenet(0)
2000,100,torchvision,vit_b_16,IMAGENET1K_V1,torchvision,swin_t,IMAGENET1K_V1,0.959,0.948,0.25473151525802723,0.6808691,timm/mini-imagenet(0)
2000,100,torchvision,vit_b_16,IMAGENET1K_V1,torchvision,swin_v2_t,IMAGENET1K_V1,0.964,0.949,0.23371476252259124,0.72348815,timm/mini-imagenet(0)
2000,100,torchvision,vit_b_16,IMAGENET1K_V1,torchvision,maxvit_t,IMAGENET1K_V1,0.961,0.982,0.0691722458547518,0.17402728,timm/mini-imagenet(0)
2000,100,torchvision,vit_b_16,IMAGENET1K_V1,torchvision,efficientnet_b0,IMAGENET1K_V1,0.961,0.9035,0.13645861593126937,0.53187734,timm/mini-imagenet(0)
2000,100,torchvision,vit_b_16,IMAGENET1K_V1,torchvision,efficientnet_b4,IMAGENET1K_V1,0.9665,0.9705,0.11609532029979391,0.39152014,timm/mini-imagenet(0)
2000,100,torchvision,vit_b_16,IMAGENET1K_V1,torchvision,efficientnet_b7,IMAGENET1K_V1,0.9615,0.986,0.11901419301545042,0.5043486,timm/mini-imagenet(0)
2000,100,torchvision,vit_b_16,IMAGENET1K_SWAG_E2E_V1,torchvision,vit_l_16,IMAGENET1K_V1,0.9585,0.988,0.272032842557494,0.7784081,timm/mini-imagenet(0)
2000,100,torchvision,vit_b_16,IMAGENET1K_SWAG_E2E_V1,torchvision,vit_h_14,IMAGENET1K_SWAG_E2E_V1,0.956,0.947,0.08466324194247574,0.40711254,timm/mini-imagenet(0)
2000,100,torchvision,vit_b_16,IMAGENET1K_SWAG_E2E_V1,torchvision,swin_t,IMAGENET1K_V1,0.944,0.939,0.25473151525802723,0.6808691,timm/mini-imagenet(0)
2000,100,torchvision,vit_b_16,IMAGENET1K_SWAG_E2E_V1,torchvision,swin_v2_t,IMAGENET1K_V1,0.9475,0.9525,0.23371476252259124,0.72348815,timm/mini-imagenet(0)
2000,100,torchvision,vit_b_16,IMAGENET1K_SWAG_E2E_V1,torchvision,maxvit_t,IMAGENET1K_V1,0.952,0.983,0.0691722458547518,0.17402728,timm/mini-imagenet(0)
2000,100,torchvision,vit_b_16,IMAGENET1K_SWAG_E2E_V1,torchvision,efficientnet_b0,IMAGENET1K_V1,0.951,0.8905,0.13645861593126937,0.53187734,timm/mini-imagenet(0)
2000,100,torchvision,vit_b_16,IMAGENET1K_SWAG_E2E_V1,torchvision,efficientnet_b4,IMAGENET1K_V1,0.9535,0.9775,0.11609532029979391,0.39152014,timm/mini-imagenet(0)
2000,100,torchvision,vit_b_16,IMAGENET1K_SWAG_E2E_V1,torchvision,efficientnet_b7,IMAGENET1K_V1,0.9635,0.9845,0.11901419301545042,0.5043486,timm/mini-imagenet(0)
2000,100,torchvision,vit_l_16,IMAGENET1K_V1,torchvision,vit_h_14,IMAGENET1K_SWAG_E2E_V1,0.9875,0.9435,0.09940098886483792,0.45829692,timm/mini-imagenet(0)
2000,100,torchvision,vit_l_16,IMAGENET1K_V1,torchvision,swin_t,IMAGENET1K_V1,0.9905,0.938,0.24698395627577044,0.7149746,timm/mini-imagenet(0)
2000,100,torchvision,vit_l_16,IMAGENET1K_V1,torchvision,swin_v2_t,IMAGENET1K_V1,0.9885,0.954,0.22855665414968923,0.7767603,timm/mini-imagenet(0)
2000,100,torchvision,vit_l_16,IMAGENET1K_V1,torchvision,maxvit_t,IMAGENET1K_V1,0.9905,0.981,0.09580936402075177,0.2045297,timm/mini-imagenet(0)
2000,100,torchvision,vit_l_16,IMAGENET1K_V1,torchvision,efficientnet_b0,IMAGENET1K_V1,0.9875,0.8995,0.1394164873778543,0.5722208,timm/mini-imagenet(0)
2000,100,torchvision,vit_l_16,IMAGENET1K_V1,torchvision,efficientnet_b4,IMAGENET1K_V1,0.9875,0.972,0.12572763132057413,0.42611897,timm/mini-imagenet(0)
2000,100,torchvision,vit_l_16,IMAGENET1K_V1,torchvision,efficientnet_b7,IMAGENET1K_V1,0.9895,0.983,0.13783395735676043,0.5556761,timm/mini-imagenet(0)
2000,100,torchvision,vit_h_14,IMAGENET1K_SWAG_E2E_V1,torchvision,swin_t,IMAGENET1K_V1,0.964,0.9365,0.18926135590581966,0.4600523,timm/mini-imagenet(0)
2000,100,torchvision,vit_h_14,IMAGENET1K_SWAG_E2E_V1,torchvision,swin_v2_t,IMAGENET1K_V1,0.9605,0.9575,0.26708880256086037,0.53026575,timm/mini-imagenet(0)
2000,100,torchvision,vit_h_14,IMAGENET1K_SWAG_E2E_V1,torchvision,maxvit_t,IMAGENET1K_V1,0.965,0.9805,0.07546909549905642,0.119844936,timm/mini-imagenet(0)
2000,100,torchvision,vit_h_14,IMAGENET1K_SWAG_E2E_V1,torchvision,efficientnet_b0,IMAGENET1K_V1,0.961,0.8925,0.19465981499058554,0.43001238,timm/mini-imagenet(0)
2000,100,torchvision,vit_h_14,IMAGENET1K_SWAG_E2E_V1,torchvision,efficientnet_b4,IMAGENET1K_V1,0.958,0.964,0.18162673564207085,0.32837343,timm/mini-imagenet(0)
2000,100,torchvision,vit_h_14,IMAGENET1K_SWAG_E2E_V1,torchvision,efficientnet_b7,IMAGENET1K_V1,0.948,0.983,0.20023838222302065,0.40773338,timm/mini-imagenet(0)
2000,100,torchvision,swin_t,IMAGENET1K_V1,torchvision,swin_v2_t,IMAGENET1K_V1,0.945,0.9555,0.43125950213770936,0.7780679,timm/mini-imagenet(0)
2000,100,torchvision,swin_t,IMAGENET1K_V1,torchvision,maxvit_t,IMAGENET1K_V1,0.9415,0.977,0.08191668072647512,0.1721825,timm/mini-imagenet(0)
2000,100,torchvision,swin_t,IMAGENET1K_V1,torchvision,efficientnet_b0,IMAGENET1K_V1,0.94,0.898,0.2773821195138835,0.60401183,timm/mini-imagenet(0)
2000,100,torchvision,swin_t,IMAGENET1K_V1,torchvision,efficientnet_b4,IMAGENET1K_V1,0.935,0.9755,0.15677318410393362,0.39954507,timm/mini-imagenet(0)
2000,100,torchvision,swin_t,IMAGENET1K_V1,torchvision,efficientnet_b7,IMAGENET1K_V1,0.938,0.987,0.1984948453421908,0.5239537,timm/mini-imagenet(0)
2000,100,torchvision,swin_v2_t,IMAGENET1K_V1,torchvision,maxvit_t,IMAGENET1K_V1,0.9555,0.98,0.08917893878877055,0.18340336,timm/mini-imagenet(0)
2000,100,torchvision,swin_v2_t,IMAGENET1K_V1,torchvision,efficientnet_b0,IMAGENET1K_V1,0.957,0.902,0.2830228978867297,0.639501,timm/mini-imagenet(0)
2000,100,torchvision,swin_v2_t,IMAGENET1K_V1,torchvision,efficientnet_b4,IMAGENET1K_V1,0.954,0.9755,0.18160193331225138,0.43388432,timm/mini-imagenet(0)
2000,100,torchvision,swin_v2_t,IMAGENET1K_V1,torchvision,efficientnet_b7,IMAGENET1K_V1,0.9505,0.9855,0.23258156956914383,0.5818761,timm/mini-imagenet(0)
2000,100,torchvision,maxvit_t,IMAGENET1K_V1,torchvision,efficientnet_b0,IMAGENET1K_V1,0.9775,0.892,0.03353755151420793,0.11986907,timm/mini-imagenet(0)
2000,100,torchvision,maxvit_t,IMAGENET1K_V1,torchvision,efficientnet_b4,IMAGENET1K_V1,0.9795,0.9725,0.3998382767568618,0.4144333,timm/mini-imagenet(0)
2000,100,torchvision,maxvit_t,IMAGENET1K_V1,torchvision,efficientnet_b7,IMAGENET1K_V1,0.98,0.985,0.11281093239003928,0.16206849,timm/mini-imagenet(0)
2000,100,torchvision,efficientnet_b0,IMAGENET1K_V1,torchvision,efficientnet_b4,IMAGENET1K_V1,0.904,0.9755,0.13769329698295002,0.34850177,timm/mini-imagenet(0)
2000,100,torchvision,efficientnet_b0,IMAGENET1K_V1,torchvision,efficientnet_b7,IMAGENET1K_V1,0.8955,0.9855,0.23398441501992537,0.50567126,timm/mini-imagenet(0)
2000,100,torchvision,efficientnet_b4,IMAGENET1K_V1,torchvision,efficientnet_b7,IMAGENET1K_V1,0.976,0.984,0.3083209868274986,0.4651914,timm/mini-imagenet(0)
2000,100,clip,ViT-B/32,DEFAULT,clip,ViT-B/16,DEFAULT,0.875,0.911,0.796587690750151,0.8284928,timm/mini-imagenet(0)
2000,100,clip,ViT-B/32,DEFAULT,clip,ViT-L/14,DEFAULT,0.8785,0.936,0.6473039126032314,0.6961471,timm/mini-imagenet(0)
2000,100,clip,ViT-B/32,DEFAULT,open_clip,ViT-B-32-256,DEFAULT,0.879,0.919,0.558131075772537,0.62865835,timm/mini-imagenet(0)
2000,100,clip,ViT-B/32,DEFAULT,open_clip,ViT-B-16,DEFAULT,0.875,0.9145,0.621259294610513,0.6880345,timm/mini-imagenet(0)
2000,100,clip,ViT-B/32,DEFAULT,open_clip,ViT-L-14,DEFAULT,0.873,0.932,0.5949880980242118,0.6580837,timm/mini-imagenet(0)
2000,100,clip,ViT-B/32,DEFAULT,torchvision,resnet18,IMAGENET1K_V1,0.874,0.769,0.27681783247097336,0.33721825,timm/mini-imagenet(0)
2000,100,clip,ViT-B/32,DEFAULT,torchvision,resnet50,IMAGENET1K_V1,0.8725,0.8485,0.28300605755297875,0.35073793,timm/mini-imagenet(0)
2000,100,clip,ViT-B/32,DEFAULT,torchvision,resnet152,IMAGENET1K_V1,0.8765,0.887,0.2843517759413742,0.3534917,timm/mini-imagenet(0)
2000,100,clip,ViT-B/32,DEFAULT,torchvision,convnext_tiny,IMAGENET1K_V1,0.876,0.949,0.18007006217174792,0.305629,timm/mini-imagenet(0)
2000,100,clip,ViT-B/32,DEFAULT,torchvision,convnext_base,IMAGENET1K_V1,0.8725,0.9805,0.14677668541408645,0.29680553,timm/mini-imagenet(0)
2000,100,clip,ViT-B/32,DEFAULT,torchvision,regnet_y_16gf,IMAGENET1K_V1,0.8725,0.9135,0.32382634436185914,0.38990995,timm/mini-imagenet(0)
2000,100,clip,ViT-B/32,DEFAULT,torchvision,regnet_y_16gf,IMAGENET1K_V2,0.876,0.98,0.32382634436185914,0.38990995,timm/mini-imagenet(0)
2000,100,clip,ViT-B/32,DEFAULT,torchvision,regnet_y_16gf,IMAGENET1K_SWAG_E2E_V1,0.875,0.9245,0.32382634436185914,0.38990995,timm/mini-imagenet(0)
2000,100,clip,ViT-B/32,DEFAULT,torchvision,regnet_y_32gf,IMAGENET1K_V2,0.874,0.9705,0.20340674571985823,0.3421815,timm/mini-imagenet(0)
2000,100,clip,ViT-B/32,DEFAULT,torchvision,vit_b_16,IMAGENET1K_V1,0.8775,0.966,0.05915954071560855,0.23494036,timm/mini-imagenet(0)
2000,100,clip,ViT-B/32,DEFAULT,torchvision,vit_b_16,IMAGENET1K_SWAG_E2E_V1,0.874,0.9535,0.05915954071560855,0.23494036,timm/mini-imagenet(0)
2000,100,clip,ViT-B/32,DEFAULT,torchvision,vit_l_16,IMAGENET1K_V1,0.874,0.99,0.05651655585839529,0.25065383,timm/mini-imagenet(0)